intents,process
10th marksheets,"Contact your school administration or education board. Fill out the application form for duplicate marksheets. Provide personal details such as name, roll number, and year of passing. Submit necessary documents such as identity proof and application fees. Track the status of your application through the education board's website or office. Collect your duplicate marksheets in person or by mail."
12th marksheets,"Follow the same process as 10th marksheets. Provide details specific to your 12th-grade examinations, such as board name, roll number, and examination year. Ensure accurate information to expedite the duplicate marksheets issuance process."
passport,"Visit the official passport website or nearest passport office. Register on the portal. Fill out the online application form with accurate details. Pay the passport fee online. Book an appointment at the passport office. Visit the passport office on the scheduled date. Submit necessary documents such as proof of address, identity, and photographs. Provide biometric data (fingerprinting). Attend an interview if required. Track your passport application status online. Receive your passport by mail or pick it up at the passport office."
voter id,"Fill out Form 6 with accurate details. Submit necessary documents such as proof of age, address, and identity. Attend the verification process. Receive your voter ID card by mail or pick it up at the designated location."
pan card,"Apply for a PAN card through the official NSDL or UTIITSL website. Fill out the online PAN card application form with accurate details such as name, date of birth, and address. Provide supporting documents such as proof of identity, proof of address, and date of birth proof. Submit the application form online. Pay the PAN card processing fee online or through authorized channels. Track your PAN card application status online using the acknowledgment number. Receive your PAN card by mail at the registered address."
ration card,"Visit the local ration card office or public distribution center. Obtain the ration card application form. Fill out the form with accurate details such as family members, income details, and address. Provide supporting documents such as identity proof, income certificate, and residence proof. Submit the application along with required fees. Track the status of your application through the ration card office or public distribution center. Collect your ration card in person or by mail."
aadhaar card,"Apply for Aadhaar card at Aadhaar enrollment centers or UIDAI website. Fill out Aadhaar enrollment form with personal details such as name, address, date of birth, and biometric data. Provide supporting documents such as proof of identity and address. Attend biometric and photo capture session. Collect Aadhaar acknowledgment slip. Track Aadhaar card status online using enrollment ID. Receive Aadhaar card by mail."
driving license,"Visit the nearest RTO office. Fill out the application form. Provide proof of age, address, and identity. Pay the required fees. Schedule and pass the learner's license test. Attend driving training sessions if required. Schedule and pass the driving test. Submit required biometric data and photographs. Receive your driving license upon successful verification. Renew your license as required by law."
legal marriage,"Understand legal marriage information in India related to marriage registration, marital laws, and legal procedures. Consult marriage registration authorities, family court, or legal experts for guidance on marriage certificates, marriage rituals, and marriage registration forms. Comply with marriage registration rules, documentation requirements, and marriage registration fees. Follow legal procedures for solemnizing marriage, registration of marriage, and obtaining marriage certificates. Stay informed about changes in marriage laws, marriage acts, and matrimonial rights through legal updates and marriage law reforms."
TDS certificate,"Request TDS certificate from employer or Income Tax Department. Fill out TDS certificate request form with employment details, income sources, and TDS deduction details. Provide supporting documents such as salary slips, Form 16, and PAN card. Submit request for TDS certificate to employer or Income Tax Department. Track TDS certificate issuance status through employer's payroll department or Income Tax Department's e-filing portal. Receive TDS certificate electronically or in person."
OBC certificate,"Apply for OBC certificate at local revenue department or tehsil office. Fill out OBC certificate application form with personal details, caste details, and family information. Provide supporting documents such as caste certificate, income certificate, and identity proof. Submit application along with required fees. Track status of application through revenue department's website or office. Collect OBC certificate in person or by mail."
nomination form,"Obtain the nomination form from the concerned authority or institution. Fill out the nomination form with accurate details such as nominee's name, relationship, and contact information. Provide supporting documents such as identity proof and proof of relationship. Submit the nomination form to the designated authority or institution. Receive acknowledgment of nomination submission. Review nomination details periodically and update as necessary. Ensure compliance with nomination rules, legal provisions, and beneficiary rights."
possession letter,"Apply for a possession letter from the local development authority or housing board. Fill out the possession letter application form with accurate details such as property address, ownership details, and contact information. Provide supporting documents such as property documents, identity proof, and fee payment receipt. Submit the application along with required fees. Track the status of your application through the development authority's website or office. Receive your possession letter by mail or pick it up in person."
death certificate,"Follow the same process as birth certificates. Provide details related to the deceased person such as name, date, and place of death. Provide supporting documents such as hospital records, identity proof of the deceased, and residence proof. Submit the application along with required fees. Track the status of your application through the municipal corporation's website or office. Collect the death certificate in person or by mail."
caste certificate,"Visit local revenue department or municipality office. Obtain caste certificate application form. Fill out form with accurate details such as caste category, family details, and purpose. Provide supporting documents such as proof of caste, identity proof, and residence proof. Submit application along with required fees. Track status of application through revenue department's website or office. Collect caste certificate in person or by mail."
birth certificate,"Contact the municipal corporation or local registrar's office. Obtain the birth certificate application form. Fill out the form with accurate details such as name, date, and place of birth. Provide supporting documents such as hospital records, parent's identity proof, and residence proof. Submit the application along with required fees. Track the status of your application through the municipal corporation's website or office. Collect the birth certificate in person or by mail."
income certificate,"Visit the local revenue department or municipality office. Obtain the income certificate application form. Fill out the form with accurate details such as income source, amount, and purpose. Provide supporting documents such as income proof, identity proof, and residence proof. Submit the application along with required fees. Track the status of your application through the revenue department's website or office. Collect your income certificate in person or by mail."
customs certificate,"Apply for customs clearance certificate through Customs department or authorized clearing agent. Fill out customs certificate application form with shipment details, import/export information, and compliance declarations. Provide supporting documents such as commercial invoice, packing list, and customs duty payment proof. Submit application along with required fees. Track status of application through Customs department's online portal or office. Collect customs clearance certificate upon successful processing."
separate electorate,"Check the current laws, acts, and rules related to separate electorate in India. Understand the legal provisions, historical background, and implications of separate electorate system. Consult legal experts, historical archives, or government publications for information on separate electorate policies and voting rights."
wildlife certificate,"Apply for wildlife certificate through state forest department or wildlife conservation authority. Fill out wildlife certificate application form with species details, conservation purpose, and research objectives. Provide supporting documents such as wildlife research proposal, habitat study reports, and environmental impact assessment. Submit application along with required fees. Track status of application through state forest department's website or office. Receive wildlife certificate by mail or in person."
domicile certificate,"Visit local revenue department or district magistrate office. Obtain domicile certificate application form. Fill out form with accurate details such as residence period, purpose, and family details. Provide supporting documents such as residence proof, identity proof, and educational qualification certificates. Submit application along with required fees. Track status of application through revenue department's website or office. Collect domicile certificate in person or by mail."
graduate certificate,"Contact your educational institution or university. Fill out the graduate certificate application form with accurate details such as course name, enrollment number, and passing year. Submit necessary documents such as mark sheets, identity proof, and fee payment receipt. Track the status of your application through the institution's administrative office or online platform. Collect your graduate certificate in person or by mail."
heritage certificate,"Apply for heritage certificate through Archaeological Survey of India (ASI) or state archaeological department. Fill out heritage certificate application form with accurate details such as artifact description, provenance, and historical significance. Provide supporting documents such as artifact photographs, research papers, and conservation reports. Submit application along with required fees. Track status of application through ASI's website or office. Receive heritage certificate by mail or in person."
transfer certificates,"Follow the same process as graduate certificates. Provide details specific to your academic transfer certificate such as institution name, course details, and academic year. Submit necessary documents such as mark sheets, transfer request letter, and fee payment receipt. Track the status of your application through the institution's administrative office or online platform. Collect your transfer certificate in person or by mail."
community certificate,"Visit the local revenue department or municipality office. Obtain the community certificate application form. Fill out the form with accurate details such as community name, caste, and purpose. Provide supporting documents such as identity proof and residence proof. Submit the application along with required fees. Track the status of your application through the revenue department's website or office. Collect your community certificate in person or by mail."
disability certificate,"Apply for disability certificate through local health department or medical board. Fill out disability certificate application form with personal details, medical history, and disability assessment. Provide supporting documents such as medical reports, diagnosis certificates, and identity proof. Attend disability assessment session by medical board. Track status of application through health department's website or office. Receive disability certificate by mail or in person."
encumbrance certificate,"Apply for an encumbrance certificate through the local sub-registrar office or online portal. Fill out the encumbrance certificate application form with property details such as survey number, property address, and ownership details. Provide supporting documents such as property documents, identity proof, and fee payment receipt. Submit the application along with required fees. Track the status of your application through the sub-registrar office or online portal. Receive your encumbrance certificate by mail or pick it up in person."
import export certificate,"Apply for export/import certificate through Directorate General of Foreign Trade (DGFT) or customs department. Fill out export/import certificate application form with trade details, shipment information, and compliance declarations. Provide supporting documents such as export/import license, commercial invoice, and packing list. Submit application along with required fees. Track status of application through DGFT's online portal or customs office. Collect export/import certificate upon successful processing."
non-creamy layer certificate,"Apply for non-creamy layer certificate at local revenue department or tehsil office. Fill out non-creamy layer certificate application form with personal details, income details, and family information. Provide supporting documents such as income certificate, caste certificate, and identity proof. Submit application along with required fees. Track status of application through revenue department's website or office. Collect non-creamy layer certificate in person or by mail."
immigration clearance certificate,"Apply for immigration clearance certificate from Bureau of Immigration (BOI). Fill out immigration clearance application form with travel details, purpose of visit, and passport information. Provide supporting documents such as passport copy, visa copy, and travel itinerary. Submit application along with immigration clearance fee. Track clearance status through BOI's online portal or office. Receive immigration clearance certificate indicating permission to travel abroad."
non-availability of birth certificate,"Apply for non-availability of birth certificate certificate from municipal corporation or local registrar's office. Fill out non-availability certificate application form with personal details, date of birth, and reason for non-availability. Provide supporting documents such as identity proof, residence proof, and affidavit stating non-availability of birth certificate. Submit application along with required fees. Track application status through municipal corporation or local registrar's office. Receive non-availability of birth certificate indicating inability to obtain birth certificate."
car accidents,"Follow the same process as road accidents. Additionally, document vehicle damage and collect witness statements. Inform your car insurance provider and file a claim if necessary. Cooperate with your insurance company and legal representatives during the claims process."
car insurance,"Research and compare car insurance policies. Choose a suitable insurance plan. Fill out the application form accurately. Provide vehicle details, personal information, and contact details. Submit necessary documents such as proof of identity, address, and vehicle registration. Pay the insurance premium online or through an authorized agent. Receive your insurance policy document by mail or electronically. Review the coverage details and policy terms. Renew your insurance policy as required by the insurer."
road accidents,"Contact local emergency services immediately. Ensure safety at the accident site. Provide first aid if trained. Call ambulance services if necessary. Report the accident to the nearest police station. Exchange contact and insurance details with involved parties. Take photographs of the accident scene. Cooperate with authorities during investigations. Seek legal advice if required. Follow up with insurance claims and legal proceedings."
bike accidents,"Follow the same process as road accidents. Additionally, document bike damage and collect witness statements. Seek medical attention for any injuries. Inform your bike insurance provider and file a claim if necessary. Cooperate with your insurance company and legal representatives during the claims process."
bike insurance,"Follow the same process as car insurance. Provide bike-specific details such as make, model, and engine capacity. Ensure coverage includes third-party liability and personal accident benefits. Renew your bike insurance policy annually to maintain coverage."
life insurance,"Research life insurance companies and policies. Choose a suitable life insurance plan based on coverage needs. Fill out the application form with accurate details. Provide personal information, medical history, and contact details. Undergo medical examinations if required by the insurer. Submit necessary documents such as proof of identity, address, and income. Pay the insurance premium online or through an authorized agent. Receive your life insurance policy document by mail or electronically. Review the coverage details, policy terms, and beneficiaries. Renew your life insurance policy as required by the insurer."
vehicle fitness,"Obtain fitness certificate for vehicles from Regional Transport Office (RTO). Schedule vehicle inspection appointment at RTO. Ensure vehicle complies with safety and roadworthiness criteria. Submit vehicle registration documents, pollution certificate, and fitness fee. Pass vehicle inspection conducted by RTO officials. Receive fitness certificate indicating vehicle's roadworthiness."
pollution control,"Apply for Pollution Under Control (PUC) certificate from authorized emission testing centers. Drive your vehicle to the nearest PUC center. Provide vehicle registration certificate and necessary fees. Conduct emission test. Receive PUC certificate indicating vehicle's emission levels comply with environmental standards."
vehicle scrapping,"Apply for vehicle scrapping certificate from authorized vehicle scrapping center. Drive your vehicle to scrapping center. Fill out vehicle scrapping application form with vehicle details, ownership proof, and reasons for scrapping. Provide supporting documents such as vehicle registration certificate, pollution certificate, and NOC from insurance company. Submit application along with scrapping fee. Track scrapping process through scrapping center. Receive scrapping certificate indicating vehicle has been legally scrapped."
vehicle registration,"Contact the nearest Regional Transport Office (RTO) or local transport authority. Obtain the vehicle registration application form. Fill out the form with accurate details such as vehicle owner information, vehicle details, and emission norms compliance. Provide supporting documents such as identity proof, address proof, and vehicle purchase invoice. Submit the application along with required fees and road tax payment. Track the status of your application through the RTO's website or office. Collect your vehicle registration certificate in person or by mail."
heavy vehicle permits,"Apply for heavy vehicle permit from Regional Transport Office (RTO) or transport department. Fill out heavy vehicle permit application form with vehicle details, route information, and purpose of permit. Provide supporting documents such as vehicle registration, insurance proof, and road tax payment receipt. Submit application along with permit fee and route authorization letter. Track permit application status through RTO's transport department. Receive heavy vehicle permit for specified routes and duration."
vehicle loan clearance,"Apply for vehicle loan clearance certificate from bank or financial institution. Fill out loan clearance application form with loan account details, vehicle registration, and ownership proof. Provide supporting documents such as loan agreement, loan repayment receipts, and NOC from lender. Submit application along with clearance fee and loan closure proof. Track loan clearance status through bank's customer portal or branch. Receive loan clearance certificate by mail or electronically."
fir,"Contact the nearest police station immediately. Provide details of the incident such as date, time, and location. File a First Information Report (FIR) with the police. Cooperate with police investigations and provide necessary information. Receive a copy of the FIR for your records. Follow up with the investigating officer for updates on the case. Seek legal advice if required during the investigation process."
passport loss,"File passport loss complaint with nearest police station. Provide details such as passport number, date and place of issue, and circumstances of loss. Fill out passport loss complaint form with personal details, travel history, and contact information. Provide supporting documents such as identity proof, address proof, and passport copy. Submit complaint along with FIR copy and passport loss affidavit. Track complaint status through police station. Receive acknowledgement of passport loss complaint for passport reissue."
court summons,"Receive court summons from judicial authorities. Read and understand summons details including court location, date, and time of appearance. Consult legal advisor for guidance on responding to summons. Prepare required documents such as identity proof, case documents, and witness statements. Attend court proceedings on specified date. Cooperate with legal process and follow instructions from court officials."
protection order,"Apply for protection order from family court or district court. Fill out protection order application form with details such as petitioner's name, respondent's details, and reasons for protection. Provide supporting documents such as identity proof, marriage certificate (if applicable), and evidence of harassment or violence. Submit application to court with protection order fee. Attend court hearings as scheduled. Await decision on protection order application from judicial authorities."
bail application,"Apply for bail through legal counsel or court-appointed advocate. Prepare bail application with details such as arrest reasons, charges framed, and personal background. Provide supporting documents such as identity proof, residence proof, and employment details. Submit bail application to judicial authorities or court office. Attend bail hearing with legal representative. Await decision on bail application and comply with court instructions if bail granted."
passport reissue,"Apply for passport reissue through official passport website or passport office. Fill out passport reissue application form with personal details, passport details, and reason for reissue. Provide supporting documents such as passport copy, proof of address, and marriage certificate (if applicable). Submit application along with reissue fee. Track application status through passport office's online portal. Receive reissued passport by mail or pick it up at passport office."
court order copy,"Request certified copy of court order from judicial authorities or court office. Fill out court order copy request form with case details, judgment date, and case number. Provide supporting documents such as identity proof and case documents. Pay court order copy fee as prescribed. Track court order copy request status through court's administrative office or online portal. Collect certified court order copy in person or receive by mail as per court procedures."
warrant of arrest,"Receive arrest warrant from judicial authorities or police. Understand charges and reasons for arrest warrant issuance. Consult legal advisor immediately for guidance on legal rights and actions. Prepare required documents such as identity proof, address proof, and legal defense strategy. Coordinate with legal representatives for surrendering to authorities or seeking anticipatory bail. Attend court hearings as directed and comply with legal procedures."
gas bill,"Receive monthly gas bill from authorized gas distribution agency or gas service provider. The bill includes details such as consumer number, meter readings, billing period, and due date. Make gas bill payment online, through bank transfer, or at authorized payment counters. Ensure timely payment to maintain continuous gas supply and avoid penalties."
water bill,"Receive monthly water bill from local water supply board or municipal corporation. The bill includes details such as consumer number, meter readings, billing period, and due date. Make water bill payment online, through bank transfer, or at designated payment counters. Ensure timely payment to avoid penalties or interruption of water supply."
utility bill,"Contact your utility service provider (electricity, water, gas, etc.). Fill out the utility bill payment form with accurate details such as account number, billing period, and payment amount. Choose a payment method such as online payment, bank transfer, or payment at designated counters. Verify payment details and transaction confirmation. Receive a utility bill payment receipt for your records."
internet bill,"Receive monthly internet bill from internet service provider. The bill includes details such as account number, data usage details, billing period, and due date. Make internet bill payment online, through bank transfer, or at designated payment centers. Ensure timely payment to maintain uninterrupted internet services and avoid service disconnection."
telephone bill,"Receive monthly telephone bill from telecom service provider. The bill includes details such as account number, call details, billing period, and due date. Make telephone bill payment online, through bank transfer, or at designated payment counters. Ensure timely payment to maintain uninterrupted phone services and avoid late fees."
gas connection,"Apply for a gas connection with your nearest gas distribution agency. Fill out the gas connection application form with accurate details such as name, address, and contact information. Submit necessary documents such as identity proof, address proof, and residence proof. Pay the gas connection charges and security deposit. Schedule a site visit for gas pipeline installation and safety inspection. Receive your gas connection certificate upon successful verification. Follow safety guidelines, usage instructions, and gas supply regulations for residential or commercial gas connections."
electricity bill,"Receive monthly electricity bill from local electricity distribution company or power utility provider. The bill includes details such as consumer number, meter readings, billing period, and due date. Make electricity bill payment online, through bank transfer, or at designated payment centers. Ensure timely payment to avoid penalties or disconnection of services."
land tax,"Understand land taxes in India applicable to agricultural, commercial, and residential lands. Consult local revenue department, land revenue office, or online portals for land tax rates, assessments, and payment procedures. Calculate land tax based on land type, size, and usage. Obtain land tax assessment form from the revenue department or online platform. Submit necessary documents such as land ownership proof, land survey records, and tax payment receipt. Pay land tax online or through designated bank branches. Obtain land tax receipt and annual tax assessment details."
water tax,"Understand water taxes in India related to water supply services, usage charges, and maintenance fees. Consult local water supply board, municipal corporation, or online portals for water tax rates, billing cycles, and payment procedures. Calculate water tax based on water consumption, meter readings, and property type. Obtain water tax assessment form from the water supply authority or online platform. Submit necessary documents such as property ownership proof, water meter readings, and tax payment receipt. Pay water tax online or through designated payment channels. Obtain water tax receipt and billing details."
wealth tax,"File wealth tax return with Income Tax Department or authorized tax advisor. Fill out wealth tax return form with asset details, valuation reports, and income sources. Provide supporting documents such as property records, investment statements, and bank account details. Submit wealth tax return along with required fees. Track wealth tax assessment status through Income Tax Department's e-filing portal or tax office. Receive wealth tax return certificate upon successful filing and assessment."
income tax,"Apply for income tax exemption certificate through Income Tax Department or authorized tax consultant. Fill out income tax exemption application form with organization details, income details, and exemption purpose. Provide supporting documents such as financial statements, audit reports, and charity registration certificates. Submit application along with required fees. Track exemption certificate status through Income Tax Department's e-filing portal or office. Receive income tax exemption certificate by mail or electronically."
property tax,"Understand property taxes in India related to residential, commercial, and agricultural properties. Consult local municipal authorities, property tax department, or online portals for property tax rates, assessment methods, and payment procedures. Calculate property tax based on property value, area, and usage type. Obtain property tax assessment form from the municipal office or online platform. Submit necessary documents such as property ownership proof, occupancy certificate, and tax payment receipt. Pay property tax online or through designated bank branches. Obtain property tax receipt and annual tax assessment details."
tax clearance,"Apply for tax clearance certificate through Income Tax Department or tax authority. Fill out tax clearance application form with tax liabilities details, income sources, and compliance declarations. Provide supporting documents such as income tax returns, audit reports, and financial statements. Submit application along with clearance fee and tax dues payment proof. Track tax clearance status through tax department's online portal or office. Receive tax clearance certificate by mail or electronically."
GST registration,"Apply for GST registration through GST portal or authorized GST Suvidha Provider (GSP). Fill out GST registration application form with business details, PAN information, and business address. Provide supporting documents such as PAN card, identity proof, address proof, and business proof. Submit application along with required fees. Track GST registration status through GST portal or GSP. Receive GST registration certificate electronically upon approval."
housing loan,"Apply for a housing loan certificate from a bank or financial institution. Fill out the housing loan application form with accurate details such as property details, loan amount, and repayment tenure. Provide supporting documents such as property documents, income proof, and identity proof. Submit the application along with required documents and processing fees. Track the status of your application through the bank's website or branch. Receive your housing loan sanction letter upon approval."
widow pension,"Apply for a widow pension certificate from the local government authority or social welfare department. Fill out the pension application form with accurate details such as marital status, income, and dependent details. Provide supporting documents such as death certificate of spouse, income certificate, and bank account details. Submit the application along with required fees, if any. Track the status of your application through the social welfare department's website or office. Receive your widow pension certificate by mail or collect it from the designated authority."
education loan,"Apply for an education loan certificate from a bank or financial institution. Fill out the education loan application form with accurate details such as course name, educational institution, and loan amount. Provide supporting documents such as admission letter, fee structure, and academic records. Submit the application along with required documents such as income proof, identity proof, and collateral details, if applicable. Track the status of your application through the bank's website or branch. Receive your education loan sanction letter upon approval."
old age pension,"Apply for an old age pension certificate from the local government authority or social welfare department. Fill out the pension application form with accurate details such as age, income, and residential address. Provide supporting documents such as age proof, income certificate, and bank account details. Submit the application along with required fees, if any. Track the status of your application through the social welfare department's website or office. Receive your old age pension certificate by mail or collect it from the designated authority."
disability pension,"Apply for a disability pension certificate from the local government authority or social welfare department. Fill out the pension application form with accurate details such as disability type, income, and medical certificate. Provide supporting documents such as disability certificate issued by medical board, income certificate, and bank account details. Submit the application along with required fees, if any. Track the status of your application through the social welfare department's website or office. Receive your disability pension certificate by mail or collect it from the designated authority."
minority scholarship,"Apply for minority scholarship schemes offered by the Ministry of Minority Affairs or respective state governments. Fill out the scholarship application form with accurate details such as personal information, educational qualifications, and income certificate. Provide supporting documents such as community certificate, income proof, and academic records. Submit the application along with required documents to the designated authority. Track the status of your scholarship application through the official scholarship portal or office. Receive scholarship benefits directly to your bank account upon approval."
employment quotas,"Understand employment quotas for minorities in government jobs and public sector enterprises. Check eligibility criteria and reserved categories under minority quotas. Apply for jobs through government employment exchanges or online portals. Submit necessary documents such as caste certificate, educational qualifications, and identity proof. Attend selection tests or interviews as per the job notification. Receive employment benefits and reservations as per minority quota policies."
educational schemes,"Avail educational schemes for minorities offered by government institutions or NGOs. Explore scholarships, tuition fee waivers, and skill development programs for minority students. Fill out application forms with accurate details such as course preferences, educational background, and income certificate. Submit supporting documents such as minority community certificate, academic records, and income proof. Track application status through the concerned authority's website or office. Benefit from educational schemes aimed at empowering minority communities."
financial assistance,"Access financial assistance schemes for minorities provided by government banks or financial institutions. Apply for loans, subsidies, or grants to start businesses, acquire skills, or develop infrastructure in minority-dominated areas. Fill out application forms with project details, financial projections, and community impact assessment. Provide supporting documents such as project reports, income statements, and bank account details. Submit applications to designated banks or financial agencies. Receive financial assistance upon approval to support minority community development."
reservation schemes,"Understand reservation schemes for Scheduled Castes (SC) in education, employment, and government services. Check eligibility criteria for SC reservations in admissions, job recruitments, and promotions. Apply for reserved category seats or vacancies through SC certificates issued by competent authorities. Submit necessary documents such as caste certificate, educational qualifications, and identity proof. Participate in selection processes as per reservation norms. Benefit from reserved category quotas and opportunities for SC communities."
scholarship schemes,"Explore scholarship schemes for Scheduled Tribes (ST) offered by central and state governments. Fill out scholarship application forms with accurate details such as personal information, educational qualifications, and income certificate. Provide supporting documents such as tribal community certificate, income proof, and academic records. Submit applications to designated scholarship authorities. Track application status through official portals or scholarship offices. Receive scholarship benefits directly to your bank account upon approval."
education quotas,"Understand education quotas for Other Backward Classes (OBC) in educational institutions and government jobs. Verify eligibility criteria and reserved seats under OBC quotas. Apply for OBC reservations in academic courses, competitive exams, and employment opportunities. Submit necessary documents such as OBC certificate, educational qualifications, and identity proof. Attend selection processes as per reservation guidelines. Access educational and employment opportunities through OBC quota reservations."
housing schemes,"Avail housing schemes for Economically Weaker Sections (EWS) provided by government housing boards or development authorities. Apply for affordable housing units under EWS quotas and subsidies. Fill out housing application forms with accurate details such as income proof, family size, and preference for housing location. Submit supporting documents such as income certificate, residence proof, and identity proof. Track application status through housing board websites or offices. Receive allotment of housing units under EWS schemes upon verification and approval."
mutual fund,"Explore mutual fund schemes offered by mutual fund houses in India. Choose mutual funds based on investment objectives, risk profile, and fund performance. Fill out mutual fund application forms with accurate details such as investment amount, fund type, and SIP or lump sum investment preference. Provide KYC documents such as PAN card copy, address proof, and bank account details. Invest in mutual funds through registered mutual fund distributors or online platforms. Track mutual fund performance, NAVs, and dividend payouts through fund statements or online portals."
stock market,"Invest in Indian stock markets through stock exchanges such as NSE and BSE. Understand stock market investment options, equity shares, and investment strategies. Open a demat account and trading account with a registered stockbroker. Place buy or sell orders for stocks based on market analysis and investment goals. Monitor stock market performance, price movements, and company fundamentals. Execute trades through online trading platforms or stockbroker offices. Receive stock market investment statements, trade confirmations, and dividend payouts."
tax free bonds,"Invest in tax-free bonds issued by government entities such as NHAI, IRFC, and PFC. Understand tax-free bond interest rates, issuance details, and investment terms. Fill out bond application forms with accurate details such as bond type, investment amount, and bank account information. Provide supporting documents such as PAN card copy, address proof, and bond application form. Purchase tax-free bonds through authorized banks or financial institutions. Track bond maturity and tax-free interest accrual through bond statements or online portals. Receive bond maturity proceeds directly to your bank account."
government bonds,"Invest in government bonds issued by the Reserve Bank of India (RBI) or central government. Understand different types of government bonds such as savings bonds, inflation-linked bonds, and tax-saving bonds. Check bond issuance details, interest rates, and maturity periods. Purchase government bonds through authorized banks or financial institutions. Fill out bond application forms with accurate details such as bond type, investment amount, and bank account information. Submit necessary documents such as PAN card copy, address proof, and bond application form. Receive bond certificates upon successful investment."
gold sovereign bonds,"Invest in Sovereign Gold Bonds (SGBs) issued by the Reserve Bank of India (RBI). Understand SGB issuance dates, gold bond prices, and investment terms. Fill out SGB application forms with accurate details such as investment amount, bond series, and bank account information. Provide supporting documents such as PAN card copy, address proof, and bond application form. Purchase SGBs through designated banks or online platforms. Track SGB investment, gold prices, and interest accrual through bond statements or RBI notifications. Receive SGB maturity proceeds or gold redemption upon bond maturity."
customs duty regulations,"Understand customs duty regulations on imports and exports in India. Check customs duty rates, exemptions, and customs valuation methods. Fill out customs declaration forms with accurate details such as imported goods description, quantity, and value. Submit supporting documents such as commercial invoices, packing lists, and import-export licenses. Pay customs duties, taxes, and fees through authorized payment channels. Facilitate customs clearance procedures, inspections, and documentation compliance. Stay informed about changes in customs laws, import-export policies, and trade tariffs."
fixed deposit interest rates,"Check fixed deposit interest rates offered by banks and financial institutions in India. Compare interest rates, tenure options, and terms of fixed deposits. Choose a suitable fixed deposit scheme based on investment goals and risk appetite. Fill out the fixed deposit application form with accurate details such as deposit amount, tenure, and nominee information. Submit supporting documents such as identity proof, address proof, and PAN card copy. Receive fixed deposit receipt upon deposit confirmation. Track maturity date and interest payouts through bank statements or online banking."
government tax savings schemes,"Explore government tax savings schemes such as Equity Linked Savings Scheme (ELSS), Public Provident Fund (PPF), and National Pension System (NPS). Understand tax benefits, investment limits, and lock-in periods under these schemes. Choose tax-saving investments based on financial goals and tax planning strategies. Fill out scheme application forms with accurate details such as investment amount, PAN card copy, and nominee information. Submit supporting documents as per scheme requirements. Track scheme investments, contributions, and tax deductions through scheme statements or online portals."
startup,"Access business startup support in India for entrepreneurs, startups, and small businesses. Consult startup incubators, business development centers, or entrepreneurial networks for guidance on business planning, funding opportunities, and market entry strategies. Register business entities, obtain licenses, or comply with regulatory requirements for business operations. Access mentorship programs, funding grants, or venture capital investments to launch and scale innovative startups. Support initiatives for entrepreneurship development, economic growth, and job creation in the startup ecosystem."
legal aid,"Access legal aid services provided by the Government of India for legal assistance, advice, and representation. Contact legal aid cells, district legal services authorities (DLSA), or pro bono lawyers for guidance on legal rights, disputes, and litigation support. Qualify for free legal aid based on income criteria, case merits, or social justice considerations. File legal cases, petitions, or appeals with legal aid representation. Receive legal advice, court representation, or mediation services under legal aid schemes. Support access to justice, legal empowerment, and community outreach initiatives."
human rights,"Understand human rights protection laws in India related to fundamental rights, civil liberties, and social justice. Consult human rights commissions, legal aid organizations, or advocacy groups for guidance on human rights violations, discrimination cases, and legal recourse. File human rights complaints, petitions, or grievances with evidence and witness statements. Advocate for human rights awareness, education, and policy reforms. Support initiatives for marginalized communities, gender equality, and minority rights protection."
equal rights,"Understand equal rights laws in India related to gender equality, non-discrimination, and equal opportunities. Consult gender equality commissions, human rights bodies, or legal experts for guidance on equal rights protection, workplace discrimination, and social justice issues. Advocate for gender parity, equal pay, and affirmative action policies. File complaints, petitions, or grievances related to gender-based discrimination or inequality. Support initiatives for women's empowerment, gender sensitization, and inclusive development."
cyber security,"Understand cyber security laws in India related to data protection, information security, and cybercrime prevention. Consult cyber security agencies, CERT-In (Indian Computer Emergency Response Team), or legal experts for guidance on cyber security practices, incident response, and data breach management. Implement cyber security measures, encryption standards, and access controls as per IT Act provisions. Report cyber incidents, phishing attacks, or data breaches to cyber authorities. Follow legal procedures for cybercrime investigations, digital evidence submission, and legal remedies."
anti corruption,"Understand anti-corruption laws in India related to bribery, graft, and unethical practices. Consult anti-corruption bureaus, vigilance commissions, or legal experts for guidance on anti-corruption strategies, whistleblower protection, and enforcement measures. Report corruption complaints, fraud allegations, or misconduct cases with evidence and witness statements. Cooperate with anti-corruption investigations, inquiries, or audits conducted by authorities. Advocate for transparency, integrity, and accountability in public services and governance."
social security,"Access social security schemes in India for welfare benefits, pensions, and social assistance. Consult social security departments, pension boards, or welfare agencies for information on schemes such as old-age pensions, disability benefits, and unemployment insurance. Apply for social security benefits, enroll in pension schemes, or claim welfare support based on eligibility criteria and contribution records. Receive social security payments, survivor benefits, or healthcare subsidies under government schemes."
employment rights,"Understand employment rights in India related to labor laws, workplace regulations, and employee welfare. Consult labor unions, employment tribunals, or legal experts for guidance on employment contracts, wages, benefits, and working conditions. Advocate for fair labor practices, occupational safety standards, and workers' rights protection. File employment disputes, unfair dismissal claims, or grievances related to workplace discrimination under labor laws. Support initiatives for decent work, job security, and social protection for all workers."
disability rights,"Understand disability rights laws in India related to accessibility, inclusivity, and rights of persons with disabilities (PWDs). Consult disability rights forums, special education departments, or legal advisors for guidance on disability rights protection, reasonable accommodations, and assistive technologies. Advocate for disability-friendly policies, barrier-free infrastructure, and employment opportunities for PWDs. File disability discrimination complaints, accessibility grievances, or legal challenges under disability rights legislation."
national security,"Understand national security laws in India related to defense, terrorism prevention, and internal security. Support national security agencies, defense forces, or law enforcement authorities in safeguarding the nation's sovereignty, territorial integrity, and public safety. Stay vigilant against threats, security risks, or cyber attacks targeting national interests. Cooperate with security operations, intelligence agencies, or emergency response teams to maintain law and order, protect critical infrastructure, and ensure national resilience against security challenges."
consumer awareness,"Participate in consumer awareness programs in India to promote consumer education, rights, and responsibilities. Join consumer forums, advocacy groups, or consumer protection councils for guidance on consumer rights awareness, product safety, and fair trade practices. Attend consumer workshops, awareness campaigns, or outreach events to learn about consumer protection laws, dispute resolution mechanisms, and consumer redressal forums. Support initiatives for consumer empowerment, market transparency, and ethical business practices."
consumer protection,"Understand consumer protection laws in India related to consumer rights, grievances, and legal remedies. Consult consumer protection forums, consumer courts, or legal experts for guidance on consumer complaints, product defects, and unfair trade practices. File consumer complaints with evidence, invoices, and communication records. Attend consumer dispute hearings, mediation sessions, or legal proceedings. Seek compensation, refunds, or resolution under consumer protection laws. Stay informed about amendments, consumer rights awareness, and consumer redressal mechanisms."
right to information,"Exercise right to information (RTI) laws in India for access to government records, transparency, and accountability. File RTI applications with public authorities, government departments, or information commissions. Specify information requests, queries, or document requirements under RTI Act provisions. Pay RTI application fees, if applicable, through authorized payment channels. Receive RTI responses, document disclosures, or information clarifications within stipulated timelines. Appeal RTI decisions, denials, or redactions through RTI appellate authorities or commissions."
intellectual property rights,"Understand intellectual property rights (IPR) laws in India related to patents, trademarks, copyrights, and designs. Consult intellectual property offices, patent agents, or legal advisors for guidance on IPR registration, protection, and enforcement. File patent applications, trademark registrations, or copyright notices with detailed descriptions and claims. Maintain intellectual property portfolios, licensing agreements, and IPR assignments. Monitor IPR infringements, piracy cases, and legal disputes. Stay informed about IPR reforms, international treaties, and statutory updates."
environmental protection laws,"Understand environmental protection laws in India related to pollution control, conservation, and sustainable development. Consult environmental agencies, pollution control boards, or legal advisors for guidance on environmental compliance, permits, and regulations. Comply with environmental impact assessments, waste management rules, and pollution control measures. Obtain environmental clearances, NOCs (No Objection Certificates), and consents for projects or industrial activities. Follow legal procedures for environmental audits, compliance reporting, and sustainable practices."